طبقه,زیربنا,خواب,تلفن,آشپزخانه,سرویس,کفپوش,OPEN,پارکینگ,انباری,بالکن,غربی,شرقی,شمالی,جنوبی,code
4,70,2,1,MDF,ايراني فرنگي,پارکت,1,0,1,1,0,0,0,1,10428812
5,85,2,1,MDF,ايراني فرنگي,سنگ,1,0,0,1,0,0,0,0,10348401
1,88,2,1,هایگلاس,ايراني فرنگي,سراميک,1,0,1,1,0,0,0,1,3979375
3,110,2,1,MDF,ايراني فرنگي,سراميک,1,0,1,1,0,0,1,0,10258262
همكف,61,1,1,MDF,ايرانی,سراميک,1,0,1,1,0,0,0,1,10265456
1,88,2,0,چوبي,ايراني فرنگي,سنگ,1,0,1,1,0,0,0,1,10351268
4,136,2,1,MDF,ايراني فرنگي,سراميک,1,0,1,1,0,0,0,1,3210458
1,100,2,1,MDF,ايراني فرنگي,سنگ,1,0,1,1,0,0,0,1,3962455
4,84,2,1,MDF,ايراني فرنگي,پارکت,1,0,1,1,0,0,0,1,10449207
4,81,2,1,MDF,ايراني فرنگي,سراميک,1,0,1,0,0,0,0,1,10348743
3,122,3,1,MDF,ايراني فرنگي,سراميک,1,0,1,1,0,0,1,1,10217328
همكف,152,3,1,MDF,ايراني فرنگي,پارکت,1,0,0,1,0,0,0,1,3160041
2,86,2,1,MDF,ايراني فرنگي,سراميک,1,0,1,1,0,0,1,0,10354111
1,212,3,1,MDF,ايراني فرنگي,سراميک,1,0,1,1,0,0,0,1,10275938
3,120,3,1,MDF,ايراني فرنگي,پارکت,1,0,1,0,0,0,0,0,10449242
4,245,4,1,فول فرنيش,ايراني فرنگي,سنگ,1,0,1,1,0,0,1,0,3969407
3,75,2,1,فلزي,ايرانی,سراميک,0,0,0,0,0,0,0,1,10077238
5,90,2,1,MDF,ايراني فرنگي,سراميک,1,0,1,0,0,0,0,0,10350241
3,59,1,1,MDF,ايرانی,سراميک,1,0,1,1,0,0,1,1,10298816
4,100,2,0,MDF,ايراني فرنگي,سراميک,1,0,1,1,0,0,1,0,10385313
3,134,3,1,MDF,ايراني فرنگي,سراميک,1,0,1,1,0,0,0,1,10125131
2,78,1,1,MDF,ايراني فرنگي,سراميک,1,0,1,0,0,0,1,0,10449264
4,81,2,1,MDF,ايراني فرنگي,سراميک,1,0,1,1,0,0,1,0,10151259
4,125,4,1,MDF,ايراني فرنگي,سراميک,1,0,1,1,0,0,1,0,10322380
3,85,2,1,MDF,فرنگی,پارکت سراميک,1,0,1,0,0,0,0,1,10405297
3,81,2,1,MDF,فرنگی,لامنيت,1,0,1,1,1,0,0,1,10350731
4,58,1,1,MDF,ايرانی,سراميک,1,0,0,1,0,0,0,1,10274536
1,283,4,5,چوبي,ايراني فرنگي,پارکت سنگ,1,0,1,1,0,0,1,1,3967626
1,105,2,1,MDF,ايرانی,پارکت سراميک,1,0,1,1,0,0,1,0,10242049
2,76,2,1,MDF,ايراني فرنگي,سراميک,1,0,1,1,0,0,0,1,10255481
5,64,1,1,MDF,ايراني فرنگي,سراميک,1,0,1,1,1,0,0,0,10301587
1,95,3,1,MDF,ايرانی,سراميک,1,0,1,1,0,0,0,1,10150486
1,112,2,0,MDF,ايراني فرنگي,سنگ,1,0,1,0,0,0,0,1,10252494
3,64,1,1,چوبي فلزي,ايرانی,سراميک,1,0,1,1,0,0,0,1,10103762
2,106,2,1,MDF,ايراني فرنگي,سراميک,1,0,1,0,0,0,0,1,10297987
4,67,2,1,MDF,ايرانی,پارکت,1,0,0,0,0,0,1,0,10354722
1,135,2,1,MDF,ايراني فرنگي,سراميک,1,0,1,1,0,0,0,1,10130312
2,97,2,1,MDF,ايراني فرنگي,سراميک,1,0,1,1,0,0,0,1,10131951
1,118,2,1,MDF,ايراني فرنگي,سراميک,1,0,0,1,0,0,0,0,10007915
3,125,3,1,MDF,ايراني فرنگي,سراميک,1,0,1,0,0,0,0,1,10301264
3,113,2,1,MDF,ايراني فرنگي,سنگ,1,0,1,1,0,0,0,1,10119066
4,110,3,1,MDF,ايراني فرنگي,سراميک,1,0,1,1,0,0,0,1,10273947
1,120,2,1,MDF,ايراني فرنگي,سراميک,1,0,1,1,0,0,1,1,10127174
4,75,2,1,MDF,ايرانی,سراميک,1,0,1,0,0,0,1,0,10274178
1,125,2,1,MDF,ايراني فرنگي,سنگ,1,0,1,1,0,0,0,0,10079052
2,80,2,1,MDF,ايرانی,سراميک,1,0,1,1,0,0,0,1,10274318
4,103,2,1,MDF,ايراني فرنگي,سنگ,1,0,1,1,0,0,1,1,10274371
2,52,1,1,MDF,ايرانی,سراميک,1,0,1,1,0,0,0,0,10274393
4,63,2,1,فلزي,ايرانی,موکت,0,0,1,0,0,0,0,1,10181634
همكف,96,2,1,MDF,ايراني فرنگي,سراميک,1,0,1,0,0,1,0,0,10274921
4,81,2,1,MDF,ايراني فرنگي,سراميک,1,0,1,0,0,0,0,1,10203277
1,177,3,1,چوبي,ايراني فرنگي,سنگ,1,0,1,1,0,0,0,1,10297127
4,38,1,1,MDF,ايراني فرنگي,سراميک,1,0,0,0,0,0,0,1,10348759
4,70,1,1,هایگلاس,ايراني فرنگي,سراميک,1,0,1,0,0,0,1,0,10347545
3,111,2,1,هایگلاس,ايراني فرنگي,سراميک,1,0,1,1,0,1,0,0,10253493
5,90,2,1,MDF,ايراني فرنگي,سنگ,1,0,0,1,0,0,0,1,10348907
1,170,4,1,MDF,ايراني فرنگي,سراميک,1,0,1,0,0,0,0,1,10271483
2,72,1,1,MDF,ايرانی,سراميک,0,0,0,0,0,0,0,0,10265254
1,54,1,1,چوبي فلزي,ايراني فرنگي,سراميک,1,0,1,1,0,0,0,1,10349085
5,88,1,1,MDF,ايراني فرنگي,سراميک,1,0,0,1,0,0,1,1,10176025
4,70,2,1,MDF,ايرانی,سراميک,1,0,1,1,0,0,0,0,10349307
1,65,1,1,MDF,ايرانی,سنگ,1,0,1,0,1,1,0,0,3231690
1,73,2,1,MDF,ايراني فرنگي,پارکت,1,0,1,0,0,0,1,0,10273470
1,67,2,1,MDF,ايراني فرنگي,سراميک,1,0,1,1,0,0,0,1,10181850
2,84,2,1,هایگلاس,ايراني فرنگي,سراميک,1,0,0,1,0,0,0,1,10240743
1,264,4,1,چوبي,ايراني فرنگي,سنگ,1,0,1,1,0,0,0,1,10262641
2,52,1,1,چوبي,ايراني فرنگي,لامنيت,1,0,1,0,0,0,0,1,10349415
1,280,4,1,فرنيش,ايراني فرنگي,سنگ,1,0,1,1,0,0,1,0,10349452
2,35,1,1,MDF,ايرانی,سراميک,1,0,0,0,0,0,0,1,10349455
3,122,3,1,MDF,ايراني فرنگي,سراميک,1,0,1,1,0,0,0,1,10349475
2,85,2,1,MDF,ايرانی,سراميک,1,0,1,0,0,0,0,0,10118330
2,60,1,1,چوبي فلزي,ايرانی,سراميک,1,0,1,0,0,0,0,1,3270603
2,90,2,1,MDF,ايراني فرنگي,سراميک,1,0,1,1,0,1,1,0,10243880
4,73,1,1,MDF,ايراني فرنگي,سنگ,1,0,1,0,0,0,1,0,10349769
4,105,2,1,MDF,ايراني فرنگي,سراميک,1,0,1,1,0,0,0,1,10273976
3,65,2,1,MDF,ايرانی,سراميک,1,0,0,1,0,0,0,1,10203183
زیرهمكف,64,2,1,MDF,ايرانی,سراميک,1,0,1,0,0,0,0,1,10298817
4,62,1,1,MDF,ايرانی,سراميک,1,0,1,1,0,0,1,0,10298465
2,151,3,1,MDF,فرنگی,سنگ,1,0,1,0,0,0,1,0,10275845
1,155,3,1,MDF,ايراني فرنگي,سنگ,1,0,1,1,0,0,1,0,10128653
4,126,3,1,MDF,ايراني فرنگي,سنگ,1,0,1,1,0,0,1,0,10271708
5,93,2,1,MDF,ايراني فرنگي,سراميک,1,0,0,1,0,0,1,0,10269240
3,65,1,0,MDF,ايراني فرنگي,سنگ,0,0,1,1,0,0,1,0,10130406
مختلف,85,2,0,MDF,ايراني فرنگي,سراميک,1,0,1,1,0,0,0,1,10269668
2,65,2,1,MDF,ايرانی,سراميک,1,0,1,0,0,0,0,1,10188435
5,107,2,1,MDF,ايراني فرنگي,سراميک,1,0,1,1,0,0,0,1,10350819
1,57,1,1,MDF,ايرانی,سنگ,1,0,0,0,0,0,1,0,10350827
1,52,1,1,MDF,ايرانی,سراميک,1,0,1,1,0,0,1,0,10350830
4,65,2,1,MDF,ايرانی,سراميک,1,0,1,0,0,0,0,0,10350835
3,47,1,1,MDF,ايرانی,سراميک,1,0,1,1,0,0,1,0,10124782
5,240,4,1,هایگلاس,ايراني فرنگي,سراميک,1,0,1,1,0,0,0,1,10263104
3,100,2,1,MDF,ايرانی,سراميک,1,0,1,0,0,0,0,1,10351162
2,316,5,1,هایگلاس,ايراني فرنگي,لامنيت,1,0,1,1,0,0,0,1,10241061
3,86,2,1,MDF,ايراني فرنگي,سنگ,1,0,1,1,0,0,0,0,10332465
15,152,3,1,چوبي,ايراني فرنگي,سنگ,1,0,1,1,0,0,0,1,3961575
4,128,2,1,MDF,ايراني فرنگي,سراميک,1,0,0,1,0,0,1,0,10351362
3,81,2,1,MDF,ايراني فرنگي,سنگ,1,0,1,1,0,0,1,0,10205615
2,85,1,1,MDF,ايرانی,پارکت,1,0,1,0,0,0,0,1,10351484
1,131,3,1,MDF,ايراني فرنگي,سراميک,1,0,1,0,0,0,1,1,3822147
1,76,2,0,MDF,ايرانی,سراميک,1,0,1,1,0,0,0,1,10351623
1,42,1,1,MDF,ايرانی,سراميک,1,0,1,0,0,0,0,1,10351671
4,82,2,1,MDF,ايراني فرنگي,سراميک,1,0,1,1,0,0,0,1,10351736
5,112,2,1,MDF,ايراني فرنگي,پارکت,1,0,1,0,0,0,1,0,10351840
2,67,2,1,MDF,ايرانی,سراميک,1,0,1,1,0,0,0,1,3909116
زیرهمكف,112,2,1,MDF,ايراني فرنگي,سراميک,1,0,1,0,0,0,0,1,10299369
6,124,2,1,MDF,ايراني فرنگي,سراميک,1,0,1,1,0,0,0,1,10092109
3,58,2,1,MDF,ايرانی,سراميک,1,0,1,1,0,0,0,1,10272342
1,44,1,1,MDF,ايرانی,سراميک,1,0,0,1,0,0,0,1,10352069
2,82,2,1,MDF,ايراني فرنگي,سراميک,0,0,0,0,0,0,0,0,10352089
4,34,1,1,MDF,ايرانی,سراميک,1,0,1,0,0,0,0,1,10352124
2,95,2,1,MDF,ايراني فرنگي,سنگ,1,0,1,1,0,0,0,1,10351481
1,118,3,1,MDF,ايراني فرنگي,سراميک,1,0,1,1,0,0,1,1,10352339
2,80,2,1,MDF,ايرانی,سراميک,1,0,1,0,0,0,1,0,10301428
3,112,2,1,MDF,ايراني فرنگي,سنگ,1,0,1,0,0,0,1,0,10184719
3,92,2,1,MDF,ايراني فرنگي,سراميک,1,0,1,0,0,0,0,1,10271557
2,71,2,1,MDF,ايرانی,سراميک,1,0,1,1,0,0,0,1,10201176
1,138,3,1,چوبي,ايراني فرنگي,سنگ,1,0,1,1,0,1,1,0,10122828
1,138,3,1,چوبي,ايراني فرنگي,سنگ,1,0,1,1,0,1,1,0,10122828
