طبقه,زیربنا,خواب,تلفن,آشپزخانه,سرویس,کفپوش,OPEN,پارکینگ,انباری,بالکن,غربی,شرقی,شمالی,جنوبی,code
3,110,2,1,MDF,ايراني فرنگي,سراميک,1,0,1,1,0,0,1,0,10258262
همكف,61,1,1,MDF,ايرانی,سراميک,1,0,1,1,0,0,0,1,10265456
1,88,2,0,چوبي,ايراني فرنگي,سنگ,1,0,1,1,0,0,0,1,10351268
4,136,2,1,MDF,ايراني فرنگي,سراميک,1,0,1,1,0,0,0,1,3210458
1,100,2,1,MDF,ايراني فرنگي,سنگ,1,0,1,1,0,0,0,1,3962455
4,84,2,1,MDF,ايراني فرنگي,پارکت,1,0,1,1,0,0,0,1,10449207
4,81,2,1,MDF,ايراني فرنگي,سراميک,1,0,1,0,0,0,0,1,10348743
3,122,3,1,MDF,ايراني فرنگي,سراميک,1,0,1,1,0,0,1,1,10217328
همكف,152,3,1,MDF,ايراني فرنگي,پارکت,1,0,0,1,0,0,0,1,3160041
2,86,2,1,MDF,ايراني فرنگي,سراميک,1,0,1,1,0,0,1,0,10354111
1,212,3,1,MDF,ايراني فرنگي,سراميک,1,0,1,1,0,0,0,1,10275938
3,120,3,1,MDF,ايراني فرنگي,پارکت,1,0,1,0,0,0,0,0,10449242
4,245,4,1,فول فرنيش,ايراني فرنگي,سنگ,1,0,1,1,0,0,1,0,3969407
3,75,2,1,فلزي,ايرانی,سراميک,0,0,0,0,0,0,0,1,10077238
5,90,2,1,MDF,ايراني فرنگي,سراميک,1,0,1,0,0,0,0,0,10350241
3,59,1,1,MDF,ايرانی,سراميک,1,0,1,1,0,0,1,1,10298816
4,100,2,0,MDF,ايراني فرنگي,سراميک,1,0,1,1,0,0,1,0,10385313
1,275,3,1,فرنيش,ايراني فرنگي,سنگ,1,0,1,1,0,0,1,1,10064221
3,134,3,1,MDF,ايراني فرنگي,سراميک,1,0,1,1,0,0,0,1,10125131
2,78,1,1,MDF,ايراني فرنگي,سراميک,1,0,1,0,0,0,1,0,10449264
4,81,2,1,MDF,ايراني فرنگي,سراميک,1,0,1,1,0,0,1,0,10151259
4,125,4,1,MDF,ايراني فرنگي,سراميک,1,0,1,1,0,0,1,0,10322380
3,85,2,1,MDF,فرنگی,پارکت سراميک,1,0,1,0,0,0,0,1,10405297
3,81,2,1,MDF,فرنگی,لامنيت,1,0,1,1,1,0,0,1,10350731
4,58,1,1,MDF,ايرانی,سراميک,1,0,0,1,0,0,0,1,10274536
1,283,4,5,چوبي,ايراني فرنگي,پارکت سنگ,1,0,1,1,0,0,1,1,3967626
1,105,2,1,MDF,ايرانی,پارکت سراميک,1,0,1,1,0,0,1,0,10242049
2,76,2,1,MDF,ايراني فرنگي,سراميک,1,0,1,1,0,0,0,1,10255481
5,64,1,1,MDF,ايراني فرنگي,سراميک,1,0,1,1,1,0,0,0,10301587
1,95,3,1,MDF,ايرانی,سراميک,1,0,1,1,0,0,0,1,10150486
1,112,2,0,MDF,ايراني فرنگي,سنگ,1,0,1,0,0,0,0,1,10252494
3,64,1,1,چوبي فلزي,ايرانی,سراميک,1,0,1,1,0,0,0,1,10103762
2,106,2,1,MDF,ايراني فرنگي,سراميک,1,0,1,0,0,0,0,1,10297987
1,112,2,0,MDF,ايراني فرنگي,سنگ,1,0,1,0,0,0,0,1,10252494
