0,zone
حصار بوعلی,1
محمودیه,1
جماران,1
کاشانک,1
قیطریه,1
شهید محلاتی,1
اندرزگو,1
کامرانیه,1
رستم آباد فرمانیه,1
ولنجک,1
دزاشیب,1
شهرک نفت,1
چیذر,1
اتوبان امام علی,1
جمشیدیه,1
محمودیه,1
اوین,1
امامزاده قاسم (ع),1
نیاوران,1
دارآباد,1
حکمت,1
اتوبان صدر,1
دیباجی,1
مقدس اردبیلی,1
درکه,1
دربند,1
شهرک دانشگاه,1
باغ فردوس,1
ازگل,1
اقدسیه,1
سعدآباد,1
مینی سیتی,1
زعفرانیه,1
گلابدره,1
اراج,1
تجریش,1
سوهانک,1
بلوار ارتش,1
صاحبقرانیه,1
نوبنیاد,1
سعادت آباد,2
شهید خرم رودی,2
کوی نصر,2
تیموری,2
شادمهر,2
آسمانها,2
آزادی,2
بهبودی,2
مترو شریف,2
مدیریت,2
شهید چوب تراش,2
پردیسان,2
طرشت,2
همایونشهر,2
درختی,2
اتوبان یادگار امام,2
خوش شمالی,2
گیشا,2
بوعلی,2
صادقیه,2
شهرک آزمایش,2
توحید,2
ایوانک,2
فرحزاد,2
اتوبان شیخ فضل الله نوری,2
شادمان,2
شهرک ژاندارمری,2
کوهسار,2
صادقیه شمالی شهرک هما,2
تهران ویلا,2
زنجان,2
شهرک قدس,2
مخابرات,2
اتوبان محمد علی جناح,2
شهرک غرب,2
ستارخان,2
شهرآرا,2
برق آلستوم,2
ایوانک,2
دریا,2
پرواز,2
اتوبان نیایش,2
مرزداران,2
جلال آل احمد,2
ونک,3
امانیه,3
قبا,3
جلفا,3
شیراز,3
سیدخندان,3
زرگنده,3
کاوسیه,3
خواجه عبدالله,3
ظفر,3
قلهک,3
درب دوم,3
داوودیه,3
ولیعصر,3
ملاصدرا,3
دروس,3
رستم آباد,3
جردن,3
میرداماد,3
دولت(کلاهدوز),3
آرارات,3
اختیاریه,3
پاسداران,3
میدان کتابی,3
شیخ بهایی,3
جوادیه,4
کاظم آباد,4
لم و صنعت,4
شمیران نو,4
اتوبان بابایی,4
هروی,4
شمس آباد,4
تهرانپارس غربی,4
مهران,4
قاسم آباد و ده نارمک,4
حکیمیه,4
اتوبان صیاد شیرازی,4
میدان ملت,4
سراج,4
تهرانپارس شرقی,4
پاسداران و ضرابخانه,4
خاک سفید,4
قنات کوثر,4
اتوبان باقری,4
لویزان,4
پلیس,4
نارمک,4
مجیدیه و شمس آباد,4
شیان و لویزان,4
بنی هاشم,4
فرجام,4
دلاوران,4
رسالت,4
کوهک,4
حسین آباد و مبارک آباد,4
اوقاف,4
مجید آباد,4
هنگام,4
شهدا,4
پونک,5
شهر زیبا,5
ستاری,5
بهاران,5
پونک شمالی,5
پرواز,5
فردوس,5
جنت آباد جنوبی,5
ایران زمین شمالی,5
جنت آباد,5
سولقان,5
بولیوار,5
کن,5
حصارک,5
سازمان برنامه جنوبی,5
کوی مهران,5
جنت آباد مرکزی,5
بلوار تعاون,5
شهران,5
سردار جنگل,5
شهران جنوبی,5
المهدی,5
شهرک نفت,5
سازمان برنامه شمالی,5
بیمه,5
شاهین,5
بلوار فردوس,5
شهرک اکباتان,5
سازمان برنامه,5
شهران شمالی,5
باغ فیض,5
کوهسار,5
سازمان آب,5
آپادانا,5
آیت الله کاشانی,5
شهید مهدی باکری,5
پیامبر,5
اندیشه,5
پونک جنوبی,5
مرادآباد,5
اباذر,5
جنت آباد شمالی,5
اشرفی اصفهانی,5
پارک لاله,6
16 آذر,6
گلها,6
یوسف آباد,6
بلوار کشاورز,6
زرتشت,6
وزرا,6
نصرت,6
سنایی,6
گاندی,6
جنت,6
اسکندری,6
فاطمی,6
کارگر شمالی,6
ایرانشهر,6
بهجت آباد,6
قزل قلعه,6
جهاد,6
توانیر,6
طالقانی,6
میدان انقلاب اسلامی,6
نجات اللهی,6
عباس آباد,6
شیراز جنوبی,6
آرژانتین,6
حافظ,6
کریم خان,6
میدان ولیعصر,6
کشاورز غربی,6
سیندخت,6
ساعی,6
امیرآباد,6
جمال زاده,6
کردستان,6
فلسطین,6
مدنی,7
عباس آباد,7
شارق ب,7
خواجه نظام شرقی,7
امجدیه خاقانی,7
ارامنه ب,7
خواجه نظام,7
مرودشت,7
شیخ صفی,7
دهقان,7
خواجه نظام غربی,7
سهروردی باغ صبا,7
حشمتیه,7
انقلاب,7
مطهری,7
شهید مدنی,7
گرگان,7
بهار,7
شهید قندی . نیلوفر,7
قصر,7
امام حسین,7
مفتح جنوبی,7
شریعتی,7
نظام آباد,7
دبستان,7
عباس آباد . اندیشه,7
سهروردی,7
آپادانا,7
هفت تیر,7
شارق الف,7
خواجه نصیر و حقوقی,7
کاج,7
ارامنه الف,7
سرباز,7
دردشت,8
تهرانپارس,8
نارمک,8
لشکر غربی,8
وحیدیه,8
مدائن,8
هفت حوض,8
مجیدیه,8
کرمان,8
سبلان,8
فدک,8
زرکش,8
لشکر شرقی,8
تسلیحات,8
جشنواره,8
مهرآباد جنوبی,9
امام زاده عبدالله,9
استاد معین,9
طوس,9
فتح صنعتی,9
فتح,9
شمشیری,9
سرآسیاب مهرآباد,9
میر‌آباد جنوبی,9
شهید دستغیب,9
دکتر هوشیار,9
سی متری جی,9
مهرآباد,9
رودکی,10
کارون,10
جیحون,10
کارون جنوبی,10
شبیری جی,10
سینا,10
نواب,10
امام خمینی,10
سلسبیل شمالی,10
سلیمانی تیموری,10
قصرالدشت,10
دامپزشکی,10
آزادی,10
سلسبیل جنوبی,10
هاشمی,10
مالک اشتر,10
خوش,10
آذربایجان,10
بریانک,10
زنجان جنوبی,10
کمیل,10
حسام الدین,10
کارون شمالی,10
هفت چنار,10
منیریه,11
قلمستان,11
گمرک,11
دخانیات,11
آگاهی,11
انقلاب,11
کاشان,11
حسن آباد,11
مخصوص,11
راه آهن,11
شیخ هادی,11
ولیعصر,11
پاستور,11
جمهوری,11
عباسی,11
فروزش,11
کارگر جنوبی,11
اسکندری,11
حر,11
هلال احمر,11
امیریه (فرهنگ),11
وحدت اسلامی,11
اسکندری جنوبی,11
انبار نفت,11
ابوسعید,11
خراسان,12
سعدی,12
آبشار,12
امامزاده یحیی,12
امین حضور,12
ری,12
پیچ شمیران,12
دروازه شمیران,12
فردوسی,12
پانزده خرداد,12
لاله زار نو,12
ایران,12
بهارستان,12
سنگلج,12
مولوی,12
کوثر,12
بازار,12
تختی,12
میدان قیام,12
قیام,12
پامنار,12
هرندی,12
پیروزی,13
حافظیه,13
زاهد گیلانی,13
شورا,13
زینبیه,13
دهقان,13
صفا,13
اشراقی,13
دماوند,13
تهران نو,13
نیروی هوایی,13
شهید اسدی,13
امامت,13
سرخه حصار,13
آشتیانی,13
پاسدار گمنام,14
افراسیاب شمالی,14
چهارصد دستگاه,14
نیکنام,14
سر آسیب دولاب,14
پرستار,14
دولاب,14
شهید محلاتی,14
اتوبان محلاتی,14
جابری,14
آهنگران,14
شیوا,14
سیزده آبان,14
آهنگ شرقی,14
فلاح,14
قصر فیروزه,14
دژکام,14
بروجردی,14
نبی اکرم (ص),14
ابوذر,14
خاوران,14
نبرد,14
آهنگ,14
شاهین,14
صد دستگاه,14
شهرابی( قیام ),14
تاکسیرانی,14
هفده شهریور,14
شکوفه,14
مینای شمالی,14
فرزانه,14
شکیب,14
مینای جنوب,14
شوش,15
مینایی,15
کیانشهر شمالی,15
افسریه,15
مسعودیه,15
ابوذر,15
مظاهری,15
کیانشهر جنوبی,15
اتوبان بعثت,15
افسریه جنوبی,15
طیب,15
هاشم آباد,15
رضویه,15
آهنگ,15
افسریه شمالی,15
مطهری,15
اتابک,15
مشیریه,15
خاورشهر,15
قیامدشت,15
بیسیم,15
شهید بروجردی,15
خاوران,15
والفجر,15
یاخچی آباد,16
جوادیه,16
جوادیه,16
راه آهن,16
چهارصد دستگاه,16
خزانه,16
خزانه,16
باغ آذری,16
نازی آباد,16
شهرک بعثت,16
شهرک بعثت,16
رجایی,16
هلال احمر,16
میدان بهاران,17
قلعه مرغی,17
گلچین,17
یافت آباد,17
قزوین,17
امام زاده حسن,17
سجاد,17
آذری,17
ابوذر,17
باغ خزانه,17
زهتابی,17
ابوذر غربی,17
مقدم,17
ابوذر شرقی,17
زمزم,17
بلورسازی,17
وصفنارد,17
جلیلی,17
شادآباد,18
خلیج فارس جنوبی,18
شهرک ولیعصر,18
ولیعصر جنوبی,18
رجایی,18
هفده شهریور,18
اتوبان آزادگان,18
یافت آباد جنوبی,18
ولیعصر شمالی,18
امام خمینی,18
خلیج فارس,18
یافت آباد شمالی,18
فردوس,18
شمس آباد,18
سعید آباد,18
صاحب الزمان,18
تولید دارو,18
خلیج فارس شمالی,18
شهرک صاحب الزمان,18
صادقیه,18
بهداشت,18
خانی آباد نو,19
نعمت آباد,19
شهید کاظمی,19
شریعتی جنوبی,19
شکوفه شمالی,19
خانی آباد نو جنوبی,19
دولت خواه,19
رسالت,19
شریعتی شمالی,19
بهمنیار,19
خانی آباد نو شمالی,19
اسماعیل آباد,19
عبدل آباد,19
شکوفه جنوبی,19
اسفندیاری و بستان,19
13 آبان,20
جوانمرد,20
کهریزک,20
ولی آباد,20
استخر,20
منصوریه,20
غیوری,20
عباس آباد,20
نفرآباد,20
شهادت,20
فیروز آبادی,20
ظهیر آباد,20
نظامی,20
علائین,20
دولت آباد,20
دیلمان,20
اقدسیه,20
تقی آباد,20
سرتخت,20
حمزه آباد,20
صفائیه,20
امین آباد,20
بهشتی,20
چیتگر شمالی,21
شهرک آزادی,21
شهرک پاسداران,21
شهرک دانشگاه شریف,21
شهرک شهرداری,21
چیتگر جنوبی( شهرک 22 بهمن),21
تهرانسر شمالی,21
شهرک دریا,21
شهرک 22 بهمن,21
شهرک غزالی,21
شهرک دانشگاه,21
تهرانسر شرقی,21
باشگاه نفت,21
تهرانسر,21
شهرک استقلال,21
تهرانسر مرکزی,21
ویلاشهر,21
بزرگراه فتح,21
شهرک فرهنگیان,21
تهرانسر غربی,21
وردآورد,21
اتوبان تهران کرج,21
آزادشهر,22
شهرک شهید باقری,22
زیبادشت پایین,22
شهرک وردآورد,22
شهرک صدرا,22
پیکان شهر,22
امید دژبان,22
دهکده المپیک,22
شهرک یاس,22
شهرک نمونه سپاه,22
دریاچه چیتگر,22
گلستان غربی,22
شهرک دانشگاه صنعتی شریف,22
شهرک کوثر,22
شهرک راه آهن,22
گلستان شرقی,22
شهرک نسیم,22
شهرک امید,22
شهرک گلستان,22
زیبادشت بالا,22
شهرک نگین غرب,22
شهرک شهاب,22
